Date,Predicted_HHS_Care,Lower_Bound_HHS,Upper_Bound_HHS,Load_Status,Predicted_Discharge_Demand,Lower_Bound_Discharge,Upper_Bound_Discharge
2025-12-22,2471.9720000000025,2362.692855956337,2581.251144043668,Normal Relative Load,11.686666666666666,2.6046834841933215,20.76864984914001
2025-12-23,2471.7740000000026,2362.4948559563372,2581.053144043668,Normal Relative Load,11.866666666666669,2.784683484193325,20.94864984914001
2025-12-24,2471.9740000000024,2362.694855956337,2581.253144043668,Normal Relative Load,11.92666666666667,2.8446834841933253,21.008649849140014
2025-12-25,2472.2040000000025,2362.924855956337,2581.483144043668,Normal Relative Load,11.650000000000004,2.56801681752666,20.73198318247335
2025-12-26,2472.0573333333364,2362.778189289671,2581.3364773770018,Normal Relative Load,10.780000000000005,1.6980168175266606,19.86198318247335
2025-12-27,2467.9933333333365,2358.714189289671,2577.272477377002,Normal Relative Load,9.330000000000004,0.2480168175266595,18.41198318247335
2025-12-28,2462.5393333333354,2353.26018928967,2571.818477377001,Normal Relative Load,8.290000000000001,0.0,17.371983182473343
2025-12-29,2469.744000000002,2360.4648559563366,2579.0231440436673,Normal Relative Load,9.613333333333333,0.5313501508599892,18.695316515806677
2025-12-30,2471.588000000002,2362.3088559563366,2580.8671440436674,Normal Relative Load,10.76,1.6780168175266557,19.841983182473342
2025-12-31,2471.9740000000024,2362.694855956337,2581.253144043668,Normal Relative Load,10.42666666666667,1.3446834841933253,19.508649849140014
2026-01-01,2486.9673333333353,2377.68818928967,2596.2464773770007,Normal Relative Load,9.190000000000001,0.10801681752665715,18.271983182473345
2026-01-02,2486.1666666666692,2376.887522623004,2595.4458107103346,Normal Relative Load,7.883333333333334,0.0,16.965316515806677
2026-01-03,2481.7586666666693,2372.479522623004,2591.0378107103347,Normal Relative Load,6.46,0.0,15.541983182473345
2026-01-04,2476.770666666669,2367.4915226230037,2586.0498107103344,Normal Relative Load,4.966666666666668,0.0,14.048649849140013
2026-01-05,2489.5473333333352,2380.26818928967,2598.8264773770006,Normal Relative Load,8.596666666666668,0.0,17.67864984914001
2026-01-06,2488.4853333333353,2379.20618928967,2597.7644773770007,Normal Relative Load,10.13,1.0480168175266567,19.211983182473347
2026-01-07,2488.5253333333353,2379.24618928967,2597.8044773770007,Normal Relative Load,9.633333333333335,0.5513501508599905,18.715316515806677
2026-01-08,2486.375333333335,2377.09618928967,2595.6544773770006,Normal Relative Load,9.38,0.29801681752665665,18.461983182473347
2026-01-09,2486.1666666666692,2376.887522623004,2595.4458107103346,Normal Relative Load,8.240000000000002,0.0,17.321983182473346
2026-01-10,2481.7986666666693,2372.519522623004,2591.0778107103347,Normal Relative Load,6.460000000000001,0.0,15.541983182473345
2026-01-11,2476.810666666669,2367.5315226230036,2586.0898107103344,Normal Relative Load,4.41,0.0,13.491983182473344
2026-01-12,2489.587333333335,2380.30818928967,2598.8664773770006,Normal Relative Load,9.013333333333334,0.0,18.09531651580668
2026-01-13,2488.5253333333353,2379.24618928967,2597.8044773770007,Normal Relative Load,10.633333333333333,1.5513501508599887,19.715316515806677
2026-01-14,2488.5253333333353,2379.24618928967,2597.8044773770007,Normal Relative Load,9.966666666666669,0.8846834841933244,19.048649849140013
2026-01-15,2486.375333333335,2377.09618928967,2595.6544773770006,Normal Relative Load,9.736666666666666,0.6546834841933222,18.81864984914001
2026-01-16,2486.1666666666692,2376.887522623004,2595.4458107103346,Normal Relative Load,8.55,0.0,17.631983182473345
2026-01-17,2481.7986666666693,2372.519522623004,2591.0778107103347,Normal Relative Load,6.186666666666665,0.0,15.268649849140008
2026-01-18,2476.810666666669,2367.5315226230036,2586.0898107103344,Normal Relative Load,4.276666666666667,0.0,13.358649849140011
2026-01-19,2489.587333333335,2380.30818928967,2598.8664773770006,Normal Relative Load,9.103333333333333,0.02135015085998937,18.185316515806676
2026-01-20,2488.5253333333353,2379.24618928967,2597.8044773770007,Normal Relative Load,10.786666666666667,1.704683484193323,19.868649849140013
