Date,Predicted_HHS_Care,Predicted_HHS_Care_GB
2025-12-22,2471.9720000000025,2499.3176706683666
2025-12-23,2471.7740000000026,2499.3176706683666
2025-12-24,2471.9740000000024,2497.4035266003148
2025-12-25,2472.2040000000025,2497.4035266003148
2025-12-26,2472.0573333333364,2495.5687575520346
2025-12-27,2467.9933333333365,2495.5687575520346
2025-12-28,2462.5393333333354,2495.5687575520346
2025-12-29,2469.744000000002,2499.3176706683666
2025-12-30,2471.588000000002,2499.3176706683666
2025-12-31,2471.9740000000024,2497.4035266003148
2026-01-01,2486.9673333333353,2489.548665446272
2026-01-02,2486.1666666666692,2489.548665446272
2026-01-03,2481.7586666666693,2489.548665446272
2026-01-04,2476.770666666669,2489.548665446272
2026-01-05,2489.5473333333352,2491.462809514324
2026-01-06,2488.4853333333353,2491.462809514324
2026-01-07,2488.5253333333353,2489.548665446272
2026-01-08,2486.375333333335,2489.548665446272
2026-01-09,2486.1666666666692,2489.548665446272
2026-01-10,2481.7986666666693,2489.548665446272
2026-01-11,2476.810666666669,2489.548665446272
2026-01-12,2489.587333333335,2491.462809514324
2026-01-13,2488.5253333333353,2491.462809514324
2026-01-14,2488.5253333333353,2489.548665446272
2026-01-15,2486.375333333335,2489.548665446272
2026-01-16,2486.1666666666692,2489.548665446272
2026-01-17,2481.7986666666693,2489.548665446272
2026-01-18,2476.810666666669,2489.548665446272
2026-01-19,2489.587333333335,2491.462809514324
2026-01-20,2488.5253333333353,2491.462809514324
