Model,Horizon (Days),MAE
Naive Persistence,7,6.142857142857143
Naive Persistence,14,6.571428571428571
Naive Persistence,30,4.95555555555555
Naive Persistence,60,8.966666666666667
Naive Persistence,90,7.622222222222222
Naive Persistence,213,6.652582159624413
7-Day Moving Average,7,23.163265306122412
7-Day Moving Average,14,18.22108843537415
7-Day Moving Average,30,12.472335600906991
7-Day Moving Average,60,30.997619047619015
7-Day Moving Average,90,27.39206349206346
7-Day Moving Average,213,21.56405097250167
Exponential Smoothing,7,52.4708782277247
Exponential Smoothing,14,73.38316277679132
Exponential Smoothing,30,97.57173494252567
Exponential Smoothing,60,93.26735310799864
Exponential Smoothing,90,129.63835984658814
Exponential Smoothing,213,211.55936108057952
"ARIMA (1,1,1)",7,15.941742220376
"ARIMA (1,1,1)",14,26.55248822174943
"ARIMA (1,1,1)",30,29.584197991994916
"ARIMA (1,1,1)",60,102.08066315896599
"ARIMA (1,1,1)",90,215.39841224173955
"ARIMA (1,1,1)",213,233.3207728610756
Random Forest,7,29.06809523809482
Random Forest,14,37.533154761904434
Random Forest,30,40.466583333332906
Random Forest,60,27.49027777777763
Random Forest,90,48.38218518518496
Random Forest,213,39.29348982785585
Gradient Boosting,7,11.218727226003336
Gradient Boosting,14,19.27724511080802
Gradient Boosting,30,20.221705827433365
Gradient Boosting,60,32.53764941039064
Gradient Boosting,90,71.95685310850585
Gradient Boosting,213,67.28381924018028
